{
  "iteration": 116,
  "timestamp": "2026-05-26T10:03:40.337Z",
  "hypothesis": "Continuous random search in canonical param space",
  "persona": "Physics/Risk",
  "params": {
    "slopeThreshold": 0.004401631474494934,
    "rsiBuyMax": 35,
    "dipLowerPct": -19.367024645209312,
    "dipUpperPct": -4.263761930167675,
    "overboughtSellPct": 24.650947250425816,
    "fallingKnifeLowerPct": -17.676509089767933,
    "fallingKnifeSlope": -0.0065404527932405475,
    "holdDays": 16
  },
  "metrics": {
    "canonicalWinRatePct": 61.3603,
    "avgWinRatePerInstrumentPct": 63.7694,
    "totalBuySignals": 691,
    "avgReturnPerSignalPct": 1.9099,
    "deltaVsBaselinePct": 4.1046
  },
  "decision": "REJECT",
  "reason": "No improvement (WR 61.36%)"
}